sentence1	sentence2	paraphrase_types	sentence1_segment_location	sentence2_segment_location	sentence1_tokenized	sentence2_tokenized	id
Emeryville-based Ask Jeeves agreed to sell a business software division to a Sunnyvale-based rival, Kanisa, for $4.25 million.	Ask Jeeves Wednesday announced it plans to sell its enterprise software division, Jeeves Solutions, to Kanisa.	[1, 2, 6, 7, 0, 0, 0]	[7, 7, 7, 1, 7, 7, 2, 2, 7, 7, 7, 7, 7, 7, 0, 7, 0, 7, 7, 7, 7, 7]	[7, 7, 7, 7, 0, 1, 7, 7, 2, 2, 7, 7, 7, 7, 7, 7, 7, 7, 7]	['Emeryville-based', 'Ask', 'Jeeves', 'agreed', 'to', 'sell', 'a', 'business', 'software', 'division', 'to', 'a', 'Sunnyvale-based', 'rival', ',', 'Kanisa', ',', 'for', '$', '4.25', 'million', '.']	['Ask', 'Jeeves', 'Wednesday', 'announced', 'it', 'plans', 'to', 'sell', 'its', 'enterprise', 'software', 'division', ',', 'Jeeves', 'Solutions', ',', 'to', 'Kanisa', '.\n']	0f4eb6ed75fb4ad8925326acb3ace728
The company is in the early stages of testing the drug for rheumatoid arthritis.	The company is also testing its cancer drug Rituxan for use by rheumatoid arthritis patients.	[2, 6, 7, 0, 0, 0, 0]	[7, 7, 7, 7, 7, 7, 7, 7, 7, 2, 7, 7, 7, 7, 7]	[0, 0, 0, 7, 0, 2, 7, 0, 0, 0, 0, 0, 0, 0, 0, 0]	['The', 'company', 'is', 'in', 'the', 'early', 'stages', 'of', 'testing', 'the', 'drug', 'for', 'rheumatoid', 'arthritis', '.']	['The', 'company', 'is', 'also', 'testing', 'its', 'cancer', 'drug', 'Rituxan', 'for', 'use', 'by', 'rheumatoid', 'arthritis', 'patients', '.\n']	5734fb7619e0448799033a8709bc0268
Before addressing the economy, Bush discussed the terrorist attacks in Saudi Arabia, which killed as many as 29 people, including seven Americans.	The president began his speech by acknowledging the terrorist attacks in Saudi Arabia that killed at least 29 people, including seven Americans.	[2, 6, 7, 0, 0, 0, 0]	[7, 7, 7, 7, 7, 2, 7, 6, 6, 6, 6, 6, 6, 0, 2, 6, 2, 2, 2, 6, 6, 6, 6, 6, 6, 6]	[2, 2, 7, 7, 7, 7, 7, 6, 6, 6, 6, 6, 6, 2, 6, 2, 2, 6, 6, 6, 6, 6, 6, 6]	['Before', 'addressing', 'the', 'economy', ',', 'Bush', 'discussed', 'the', 'terrorist', 'attacks', 'in', 'Saudi', 'Arabia', ',', 'which', 'killed', 'as', 'many', 'as', '29', 'people', ',', 'including', 'seven', 'Americans', '.']	['The', 'president', 'began', 'his', 'speech', 'by', 'acknowledging', 'the', 'terrorist', 'attacks', 'in', 'Saudi', 'Arabia', 'that', 'killed', 'at', 'least', '29', 'people', ',', 'including', 'seven', 'Americans', '.\n']	a3571fa2562f4d07a42644f2943453dc
The most recent was in 1998, when Dr Barnett Slepian was killed in his home in Amherst, New York.	The most recent killing was in 1998, when Dr. Barnett Slepian was shot and killed in his home in Amherst, N.Y.	[2, 6, 7, 0, 0, 0, 0]	[7, 7, 7, 7, 7, 7, 7, 7, 2, 7, 7, 7, 2, 7, 7, 7, 7, 7, 7, 2, 2, 7]	[0, 0, 0, 7, 0, 0, 0, 0, 0, 2, 0, 0, 0, 2, 2, 2, 0, 0, 0, 0, 0, 0, 2, 0]	['The', 'most', 'recent', 'was', 'in', '1998', ',', 'when', 'Dr', 'Barnett', 'Slepian', 'was', 'killed', 'in', 'his', 'home', 'in', 'Amherst', ',', 'New', 'York', '.']	['The', 'most', 'recent', 'killing', 'was', 'in', '1998', ',', 'when', 'Dr.', 'Barnett', 'Slepian', 'was', 'shot', 'and', 'killed', 'in', 'his', 'home', 'in', 'Amherst', ',', 'N.Y', '.\n']	082d089332f94e878a908f9b2deee535
Another brother, Ali Imron, was sentenced to life in prison after cooperating with investigators and showing remorse.	Another brother, Ali Imron, received a life sentence after he cooperated with the authorities and expressed remorse.	[1, 2, 6, 0, 0, 0, 0]	[6, 6, 6, 6, 6, 6, 0, 1, 0, 0, 0, 0, 6, 1, 6, 2, 6, 1, 6, 6]	[6, 6, 6, 6, 6, 6, 0, 0, 0, 1, 6, 0, 1, 6, 2, 2, 6, 1, 6, 6]	['Another', 'brother', ',', 'Ali', 'Imron', ',', 'was', 'sentenced', 'to', 'life', 'in', 'prison', 'after', 'cooperating', 'with', 'investigators', 'and', 'showing', 'remorse', '.']	['Another', 'brother', ',', 'Ali', 'Imron', ',', 'received', 'a', 'life', 'sentence', 'after', 'he', 'cooperated', 'with', 'the', 'authorities', 'and', 'expressed', 'remorse', '.\n']	7eea5f88b665450996ed7bf78fed7ff5
Westfield, which owns Galleria in Morley, also will continue discussions about the other co-owned centres such as Knox City in Melbourne, half-owned by Deutsche Bank.	Westfield also will continue discussions over the other co-owned centres, such as Knox City in Melbourne, where Deutsche Bank owns a 50 per cent stake.	[2, 5, 6, 7, 0, 0, 0]	[6, 7, 7, 7, 7, 7, 7, 7, 6, 6, 6, 6, 2, 6, 6, 6, 6, 6, 6, 6, 6, 6, 6, 6, 5, 5, 6, 6, 6]	[6, 6, 6, 6, 6, 6, 6, 6, 6, 6, 6, 6, 6, 6, 6, 6, 6, 6, 6, 6, 6, 6, 6, 6, 6, 6, 6, 6]	['Westfield', ',', 'which', 'owns', 'Galleria', 'in', 'Morley', ',', 'also', 'will', 'continue', 'discussions', 'about', 'the', 'other', 'co-owned', 'centres', 'such', 'as', 'Knox', 'City', 'in', 'Melbourne', ',', 'half-owned', 'by', 'Deutsche', 'Bank', '.']	['Westfield', 'also', 'will', 'continue', 'discussions', 'over', 'the', 'other', 'co-owned', 'centres', ',', 'such', 'as', 'Knox', 'City', 'in', 'Melbourne', ',', 'where', 'Deutsche', 'Bank', 'owns', 'a', '50', 'per', 'cent', 'stake', '.\n']	8f1b7e774546400994f255b3d951bac4
The truck carried the equivalent of 1.6 tons of TNT, emergency ministry official Ruslan Khadzhiyev said.	Another Chechen emergency ministry official, Ruslan Khadzhiyev, said the truck was carrying the equivalent of 1.6 tons of TNT.	[1, 5, 6, 7, 0, 0, 0]	[7, 7, 7, 7, 7, 7, 7, 7, 7, 7, 7, 7, 7, 7, 7, 7, 7, 7]	[7, 7, 0, 0, 0, 0, 0, 0, 0, 0, 0, 0, 1, 1, 0, 0, 0, 0, 0, 0, 0, 0]	['The', 'truck', 'carried', 'the', 'equivalent', 'of', '1.6', 'tons', 'of', 'TNT', ',', 'emergency', 'ministry', 'official', 'Ruslan', 'Khadzhiyev', 'said', '.']	['Another', 'Chechen', 'emergency', 'ministry', 'official', ',', 'Ruslan', 'Khadzhiyev', ',', 'said', 'the', 'truck', 'was', 'carrying', 'the', 'equivalent', 'of', '1.6', 'tons', 'of', 'TNT', '.\n']	9db9f40bcb2b40579adc997e700d1e9e
Inhibited children tend to be timid with new people, objects, and situations, while uninhibited children spontaneously approach them.	Simply put, shy invividuals tend to be more timid with new people and situations.	[2, 6, 7, 0, 0, 0, 0]	[2, 2, 7, 7, 7, 7, 7, 7, 7, 7, 7, 7, 7, 7, 7, 7, 7, 7, 7, 7, 7, 7]	[7, 7, 7, 2, 2, 7, 7, 7, 7, 7, 7, 7, 7, 7, 7, 7]	['Inhibited', 'children', 'tend', 'to', 'be', 'timid', 'with', 'new', 'people', ',', 'objects', ',', 'and', 'situations', ',', 'while', 'uninhibited', 'children', 'spontaneously', 'approach', 'them', '.']	['Simply', 'put', ',', 'shy', 'invividuals', 'tend', 'to', 'be', 'more', 'timid', 'with', 'new', 'people', 'and', 'situations', '.\n']	7298630e855d48878d84752689da257b
The Dow Jones Industrial Average was up 0.3 per cent at 9,886.75, while the Nasdaq Composite index was 0.4 per cent higher at 1,986.97.	On Wall Street, the Dow Jones Industrial Average rose 0.5 per cent at 9,905.8 and the Nasdaq Composite added 0.7 per cent at 1,995.1.	[2, 4, 6, 7, 0, 0, 0]	[4, 4, 4, 4, 4, 4, 4, 6, 4, 4, 4, 6, 4, 4, 4, 4, 4, 4, 4, 6, 4, 4, 4, 7, 6, 7]	[7, 7, 7, 7, 4, 4, 4, 4, 4, 4, 6, 4, 4, 4, 6, 4, 4, 4, 4, 4, 6, 4, 4, 6, 0, 6]	['The', 'Dow', 'Jones', 'Industrial', 'Average', 'was', 'up', '0.3', 'per', 'cent', 'at', '9,886.75', ',', 'while', 'the', 'Nasdaq', 'Composite', 'index', 'was', '0.4', 'per', 'cent', 'higher', 'at', '1,986.97', '.']	['On', 'Wall', 'Street', ',', 'the', 'Dow', 'Jones', 'Industrial', 'Average', 'rose', '0.5', 'per', 'cent', 'at', '9,905.8', 'and', 'the', 'Nasdaq', 'Composite', 'added', '0.7', 'per', 'cent', 'at', '1,995.1', '.\n']	60661b0ca25a4931933c2caf70acc6ae
"Besides the fact that Americans want to be liked, she said, there is a ""huge cost when world opinion is negative to the United States."	"Americans just want to be liked, she said, but there also is a ""huge cost"" when world opinion is negative toward the United States."	[2, 5, 6, 0, 0, 0, 0]	[5, 5, 5, 5, 5, 5, 5, 5, 5, 5, 5, 5, 5, 5, 5, 5, 5, 5, 5, 5, 5, 5, 5, 5, 5, 5, 5, 5, 5]	[5, 5, 5, 5, 5, 5, 5, 5, 5, 5, 5, 5, 5, 5, 5, 5, 5, 5, 5, 5, 5, 5, 5, 5, 5, 5, 5, 5, 5]	['Besides', 'the', 'fact', 'that', 'Americans', 'want', 'to', 'be', 'liked', ',', 'she', 'said', ',', 'there', 'is', 'a', '``', 'huge', 'cost', 'when', 'world', 'opinion', 'is', 'negative', 'to', 'the', 'United', 'States', '.']	"['Americans', 'just', 'want', 'to', 'be', 'liked', ',', 'she', 'said', ',', 'but', 'there', 'also', 'is', 'a', '``', 'huge', 'cost', ""''"", 'when', 'world', 'opinion', 'is', 'negative', 'toward', 'the', 'United', 'States', '.\n']"	08b100c0cacf4221ab6aa618fd9b2fdd
It has a plus or minus 4.9 percent margin of error.	It had a margin of error of plus or minus five percentage points.	[1, 2, 3, 6, 0, 0, 0]	[6, 1, 3, 3, 3, 3, 3, 3, 3, 3, 3, 6]	[6, 1, 3, 3, 3, 3, 3, 3, 3, 3, 3, 3, 3, 6]	['It', 'has', 'a', 'plus', 'or', 'minus', '4.9', 'percent', 'margin', 'of', 'error', '.']	['It', 'had', 'a', 'margin', 'of', 'error', 'of', 'plus', 'or', 'minus', 'five', 'percentage', 'points', '.\n']	e86b0d1faba34a95855d3bf1c27d0ed6
In a statement later, he said it appeared his side may have fallen a bit short.	"Zilkha conceded in a statement issued today that his group may have fallen ""a bit short."""	[2, 5, 6, 7, 0, 0, 0]	[7, 7, 7, 7, 7, 2, 2, 7, 7, 7, 2, 7, 7, 7, 7, 7, 7, 7]	[2, 2, 7, 7, 7, 7, 7, 0, 7, 2, 7, 7, 7, 7, 7, 7, 7, 7, 7]	['In', 'a', 'statement', 'later', ',', 'he', 'said', 'it', 'appeared', 'his', 'side', 'may', 'have', 'fallen', 'a', 'bit', 'short', '.']	"['Zilkha', 'conceded', 'in', 'a', 'statement', 'issued', 'today', 'that', 'his', 'group', 'may', 'have', 'fallen', '``', 'a', 'bit', 'short', '.', ""''\n""]"	8cb104cebaab40d2b1aee019920334b8
"""The only thing that I know for certain is that these are bad people,"" Bush told a joint news conference with Blair."	"But he added: ""The only thing I know for certain is that these are bad people."""	[2, 5, 6, 7, 0, 0, 0]	[7, 7, 7, 7, 7, 7, 7, 7, 7, 7, 7, 7, 7, 7, 7, 7, 7, 2, 2, 0, 0, 0, 0, 0, 0, 7]	[7, 2, 2, 7, 7, 7, 7, 7, 7, 7, 7, 7, 7, 7, 7, 7, 7, 7, 0, 7]	"['``', 'The', 'only', 'thing', 'that', 'I', 'know', 'for', 'certain', 'is', 'that', 'these', 'are', 'bad', 'people', ',', ""''"", 'Bush', 'told', 'a', 'joint', 'news', 'conference', 'with', 'Blair', '.']"	"['But', 'he', 'added', ':', '``', 'The', 'only', 'thing', 'I', 'know', 'for', 'certain', 'is', 'that', 'these', 'are', 'bad', 'people', '.', ""''\n""]"	d2cceef932cc4bc28fc7f1d798348f29
He had said before the meeting that he planned to urge Chinese officials to move quickly to adopt a more flexible currency system.	He has said he plans to urge Chinese officials during the G20 meeting to move more quickly to adopt a more flexible currency system.	[1, 3, 5, 6, 7, 0, 0]	[7, 5, 5, 7, 7, 7, 5, 7, 5, 7, 7, 7, 7, 7, 7, 5, 7, 7, 7, 7, 7, 7, 7, 7]	[5, 5, 5, 5, 5, 5, 5, 5, 5, 7, 7, 7, 7, 5, 5, 5, 5, 5, 5, 5, 5, 5, 5, 5, 5]	['He', 'had', 'said', 'before', 'the', 'meeting', 'that', 'he', 'planned', 'to', 'urge', 'Chinese', 'officials', 'to', 'move', 'quickly', 'to', 'adopt', 'a', 'more', 'flexible', 'currency', 'system', '.']	['He', 'has', 'said', 'he', 'plans', 'to', 'urge', 'Chinese', 'officials', 'during', 'the', 'G20', 'meeting', 'to', 'move', 'more', 'quickly', 'to', 'adopt', 'a', 'more', 'flexible', 'currency', 'system', '.\n']	94bbcc8c043244cd9e043d091f1146d5
Later in the day, however, a former Intel executive turned the tables in a speech where he blasted wireless as being too complicated and too difficult to install.	And Thursday, a former Intel exec blasted wireless as too insecure, too complicated, and too difficult to install.	[2, 5, 6, 7, 0, 0, 0]	[0, 0, 0, 0, 7, 7, 7, 7, 7, 7, 2, 7, 7, 7, 7, 7, 7, 0, 0, 7, 7, 7, 7, 7, 7, 7, 7, 7, 7, 7, 7]	[7, 7, 7, 7, 7, 7, 7, 7, 7, 7, 7, 7, 7, 7, 7, 7, 7, 7, 7, 7, 7, 7]	['Later', 'in', 'the', 'day', ',', 'however', ',', 'a', 'former', 'Intel', 'executive', 'turned', 'the', 'tables', 'in', 'a', 'speech', 'where', 'he', 'blasted', 'wireless', 'as', 'being', 'too', 'complicated', 'and', 'too', 'difficult', 'to', 'install', '.']	['And', 'Thursday', ',', 'a', 'former', 'Intel', 'exec', 'blasted', 'wireless', 'as', 'too', 'insecure', ',', 'too', 'complicated', ',', 'and', 'too', 'difficult', 'to', 'install', '.\n']	a7bc1899c593461e8c01a7c151bf514f
Since then, police divers have searched nearby parts of Long Island Sound looking for the remaining three.	Since then, police divers have searched those waters looking for the remaining three.	[2, 6, 0, 0, 0, 0, 0]	[6, 6, 6, 6, 6, 6, 6, 2, 2, 2, 2, 2, 2, 6, 6, 6, 6, 6, 6]	[6, 6, 6, 6, 6, 6, 6, 2, 2, 6, 6, 6, 6, 6, 6]	['Since', 'then', ',', 'police', 'divers', 'have', 'searched', 'nearby', 'parts', 'of', 'Long', 'Island', 'Sound', 'looking', 'for', 'the', 'remaining', 'three', '.']	['Since', 'then', ',', 'police', 'divers', 'have', 'searched', 'those', 'waters', 'looking', 'for', 'the', 'remaining', 'three', '.\n']	e3ecbbef1eb14ba6a6a2c28300862a20
Thousands of people in the South of England caught a glimpse of a lunar eclipse as they gazed up at the sky on Saturday night.	Thousands of people in the South of England caught a glimpse of the lunar eclipse as they gazed up at the night sky early today.	[2, 6, 7, 0, 0, 0, 0]	[7, 7, 7, 7, 7, 7, 7, 7, 7, 7, 7, 7, 2, 7, 7, 7, 7, 7, 7, 7, 7, 7, 6, 6, 6, 7]	[6, 6, 6, 6, 6, 6, 6, 6, 6, 6, 6, 6, 2, 6, 6, 6, 6, 6, 6, 6, 6, 7, 6, 0, 0, 6]	['Thousands', 'of', 'people', 'in', 'the', 'South', 'of', 'England', 'caught', 'a', 'glimpse', 'of', 'a', 'lunar', 'eclipse', 'as', 'they', 'gazed', 'up', 'at', 'the', 'sky', 'on', 'Saturday', 'night', '.']	['Thousands', 'of', 'people', 'in', 'the', 'South', 'of', 'England', 'caught', 'a', 'glimpse', 'of', 'the', 'lunar', 'eclipse', 'as', 'they', 'gazed', 'up', 'at', 'the', 'night', 'sky', 'early', 'today', '.\n']	295a8870f1094ef2b7f0606de3d109cb
"Meanwhile, Lt. Gov. David Dewhurst alluded to an interparty political struggle: ""Sounds like the Republican primary started early this year."""	"Lt. Gov. David Dewhurst suggested a political motive for the report, saying: ""It sounds like the Republican primary started early this year."""	[2, 6, 7, 0, 0, 0, 0]	[7, 7, 7, 7, 7, 7, 7, 2, 2, 7, 7, 7, 7, 7, 7, 7, 7, 7, 7, 7, 7, 7, 7, 7, 7, 7]	[0, 0, 0, 0, 0, 2, 0, 0, 0, 7, 7, 7, 7, 7, 0, 0, 7, 0, 0, 0, 0, 0, 0, 0, 0, 0, 0, 0]	"['Meanwhile', ',', 'Lt.', 'Gov', '.', 'David', 'Dewhurst', 'alluded', 'to', 'an', 'interparty', 'political', 'struggle', ':', '``', 'Sounds', 'like', 'the', 'Republican', 'primary', 'started', 'early', 'this', 'year', '.', ""''""]"	"['Lt.', 'Gov', '.', 'David', 'Dewhurst', 'suggested', 'a', 'political', 'motive', 'for', 'the', 'report', ',', 'saying', ':', '``', 'It', 'sounds', 'like', 'the', 'Republican', 'primary', 'started', 'early', 'this', 'year', '.', ""''\n""]"	6dda3380a1aa4ab39ee04fbcccc1ecf0
The comment period was to have expired on Monday.	A public comment period on the proposed new taxes will end on Monday.	[1, 2, 6, 7, 0, 0, 0]	[2, 6, 6, 1, 1, 1, 1, 6, 6, 6]	[2, 0, 6, 6, 0, 0, 0, 0, 0, 1, 1, 6, 6, 6]	['The', 'comment', 'period', 'was', 'to', 'have', 'expired', 'on', 'Monday', '.']	['A', 'public', 'comment', 'period', 'on', 'the', 'proposed', 'new', 'taxes', 'will', 'end', 'on', 'Monday', '.\n']	29ced136dcf14f57ab3174de0e159f06
Trading in Loral was halted yesterday; the shares closed on Monday at $3.01.	The New York Stock Exchange suspended trading yesterday in Loral, which closed at $3.01 Friday.	[2, 4, 5, 6, 0, 0, 0]	[5, 5, 5, 5, 5, 5, 5, 5, 5, 5, 5, 5, 5, 5, 5, 5]	[5, 5, 5, 5, 5, 5, 5, 5, 5, 5, 5, 5, 5, 5, 5, 5, 5, 5]	['Trading', 'in', 'Loral', 'was', 'halted', 'yesterday', ';', 'the', 'shares', 'closed', 'on', 'Monday', 'at', '$', '3.01', '.']	['The', 'New', 'York', 'Stock', 'Exchange', 'suspended', 'trading', 'yesterday', 'in', 'Loral', ',', 'which', 'closed', 'at', '$', '3.01', 'Friday', '.\n']	ffd14c074abc4fd6951dfded0ff58121
In September, a 27-year-old Singapore researcher contracted SARS while working in a laboratory.	In a case in August, a 27-year-old laboratory worker in Singapore developed SARS.	[2, 3, 6, 0, 0, 0, 0]	[6, 6, 6, 3, 3, 3, 3, 2, 6, 2, 2, 2, 2, 2, 6]	[6, 6, 6, 6, 6, 6, 3, 3, 3, 3, 3, 3, 2, 6, 6]	['In', 'September', ',', 'a', '27-year-old', 'Singapore', 'researcher', 'contracted', 'SARS', 'while', 'working', 'in', 'a', 'laboratory', '.']	['In', 'a', 'case', 'in', 'August', ',', 'a', '27-year-old', 'laboratory', 'worker', 'in', 'Singapore', 'developed', 'SARS', '.\n']	fff353863c5e4f6e809ec3424b6c79d3
"Sean Harrigan of Calpers, the California fund, said: ""Today we are trying to pull the pig from the trough."	"""Today we are trying to pull the pig away from the trough,"" Mr. Harrigan said."	[2, 6, 7, 0, 0, 0, 0]	[2, 2, 7, 7, 7, 7, 7, 7, 7, 2, 2, 7, 7, 7, 7, 7, 7, 7, 7, 7, 7, 7, 7, 7]	[6, 6, 6, 6, 6, 6, 6, 6, 6, 7, 6, 6, 6, 7, 6, 7, 7, 7, 6]	['Sean', 'Harrigan', 'of', 'Calpers', ',', 'the', 'California', 'fund', ',', 'said', ':', '``', 'Today', 'we', 'are', 'trying', 'to', 'pull', 'the', 'pig', 'from', 'the', 'trough', '.']	"['``', 'Today', 'we', 'are', 'trying', 'to', 'pull', 'the', 'pig', 'away', 'from', 'the', 'trough', ',', ""''"", 'Mr.', 'Harrigan', 'said', '.\n']"	13b268ae56e04ad4a839f9c151fcddff
But Abraham said changes in air-pollution rules would be up to the Environmental Protection Agency (EPA).	Changes in air pollution rules would be up to the Environmental Protection Agency.	[2, 6, 7, 0, 0, 0, 0]	[7, 0, 0, 0, 0, 2, 0, 0, 0, 0, 0, 0, 0, 0, 0, 0, 0, 0, 0]	[7, 7, 2, 2, 7, 7, 7, 7, 7, 7, 7, 7, 7, 7]	['But', 'Abraham', 'said', 'changes', 'in', 'air-pollution', 'rules', 'would', 'be', 'up', 'to', 'the', 'Environmental', 'Protection', 'Agency', '(', 'EPA', ')', '.']	['Changes', 'in', 'air', 'pollution', 'rules', 'would', 'be', 'up', 'to', 'the', 'Environmental', 'Protection', 'Agency', '.\n']	f6fa6e70e89d4915983adc35922d09f5
With Claritin's decline, Schering-Plough's best-selling products now are two drugs used together to treat hepatitis C, the antiviral pill ribavirin and an interferon medicine called Peg-Intron.	With Claritin's decline, Schering-Plough's best-selling products are now antiviral drug ribavirin and an interferon medicine called Peg-Intron -- two drugs used together to treat hepatitis C.	[2, 3, 6, 7, 0, 0, 0]	[6, 6, 6, 6, 6, 6, 6, 6, 6, 7, 0, 7, 7, 7, 7, 7, 7, 7, 7, 7, 3, 3, 3, 3, 6, 6, 6, 6, 6, 6, 6]	[6, 6, 6, 6, 6, 6, 6, 6, 6, 0, 7, 3, 3, 3, 6, 6, 6, 6, 6, 6, 7, 7, 7, 7, 7, 7, 7, 7, 7, 6]	"['With', 'Claritin', ""'s"", 'decline', ',', 'Schering-Plough', ""'s"", 'best-selling', 'products', 'now', 'are', 'two', 'drugs', 'used', 'together', 'to', 'treat', 'hepatitis', 'C', ',', 'the', 'antiviral', 'pill', 'ribavirin', 'and', 'an', 'interferon', 'medicine', 'called', 'Peg-Intron', '.']"	"['With', 'Claritin', ""'s"", 'decline', ',', 'Schering-Plough', ""'s"", 'best-selling', 'products', 'are', 'now', 'antiviral', 'drug', 'ribavirin', 'and', 'an', 'interferon', 'medicine', 'called', 'Peg-Intron', '--', 'two', 'drugs', 'used', 'together', 'to', 'treat', 'hepatitis', 'C', '.\n']"	5c3d4afa9f0948e893ae2813b46c5a1c
"""It is a benign web where we hope to catch investors and where each of us can advance our enlightened self interest through cooperation with others."""	It is a benign web where we hope to catch investors and where each of us can advance our enlightened self-interest through cooperation with others,' said Mr Goh.	[2, 5, 6, 7, 0, 0, 0]	[6, 6, 6, 6, 6, 6, 6, 6, 6, 6, 6, 6, 6, 6, 6, 6, 6, 6, 6, 6, 6, 6, 6, 6, 6, 6, 6, 6, 6]	[6, 6, 6, 6, 6, 6, 6, 6, 6, 6, 6, 6, 6, 6, 6, 6, 6, 6, 6, 6, 2, 6, 6, 6, 6, 7, 0, 7, 7, 7, 6]	"['``', 'It', 'is', 'a', 'benign', 'web', 'where', 'we', 'hope', 'to', 'catch', 'investors', 'and', 'where', 'each', 'of', 'us', 'can', 'advance', 'our', 'enlightened', 'self', 'interest', 'through', 'cooperation', 'with', 'others', '.', ""''""]"	"['It', 'is', 'a', 'benign', 'web', 'where', 'we', 'hope', 'to', 'catch', 'investors', 'and', 'where', 'each', 'of', 'us', 'can', 'advance', 'our', 'enlightened', 'self-interest', 'through', 'cooperation', 'with', 'others', ',', ""'"", 'said', 'Mr', 'Goh', '.\n']"	cf322668c1e6449fb71c6a5a0d1aab87
Overture's listings are generated by more than 100,000 advertisers who bid for placement on keywords relevant to their business.	Overture generates its search listings from more than 100,000 advertisers who bid for placement on keywords relevant to their business.	[2, 4, 6, 7, 0, 0, 0]	[4, 4, 4, 4, 4, 2, 6, 6, 6, 6, 6, 6, 6, 6, 6, 6, 6, 6, 6, 6, 6]	[4, 4, 4, 0, 4, 2, 6, 6, 6, 6, 6, 6, 6, 6, 6, 6, 6, 6, 6, 6, 6]	"['Overture', ""'s"", 'listings', 'are', 'generated', 'by', 'more', 'than', '100,000', 'advertisers', 'who', 'bid', 'for', 'placement', 'on', 'keywords', 'relevant', 'to', 'their', 'business', '.']"	['Overture', 'generates', 'its', 'search', 'listings', 'from', 'more', 'than', '100,000', 'advertisers', 'who', 'bid', 'for', 'placement', 'on', 'keywords', 'relevant', 'to', 'their', 'business', '.\n']	6242f1a47be5456898a03d75ca6a9948
Last month, 62 Spanish peacekeepers died when their plane crashed in Turkey as they were returning home.	In another disaster, 62 Spanish peacekeepers were killed May 26 when their plane crashed in Turkey on their way home.	[2, 4, 6, 7, 0, 0, 0]	[6, 6, 6, 7, 7, 7, 2, 7, 7, 7, 7, 7, 7, 4, 4, 4, 4, 4, 7]	[7, 7, 7, 7, 6, 6, 6, 2, 2, 0, 0, 6, 6, 6, 6, 6, 6, 4, 4, 4, 4, 6]	['Last', 'month', ',', '62', 'Spanish', 'peacekeepers', 'died', 'when', 'their', 'plane', 'crashed', 'in', 'Turkey', 'as', 'they', 'were', 'returning', 'home', '.']	['In', 'another', 'disaster', ',', '62', 'Spanish', 'peacekeepers', 'were', 'killed', 'May', '26', 'when', 'their', 'plane', 'crashed', 'in', 'Turkey', 'on', 'their', 'way', 'home', '.\n']	f2f91433ae654dc6b35aeb8c457b926e
"This deterioration of security compounds when nearly all computers rely on a single operating system subject to the same vulnerabilities the world over,"" Geer added."	"""The deterioration of security compounds when nearly all computers rely on a single operating system subject to the same vulnerabilities the world over."""	[2, 5, 6, 7, 0, 0, 0]	[2, 6, 6, 6, 6, 6, 6, 6, 6, 6, 6, 6, 6, 6, 6, 6, 6, 6, 6, 6, 6, 6, 6, 7, 0, 7, 7, 6]	[6, 6, 6, 6, 6, 6, 6, 6, 6, 6, 6, 6, 6, 6, 6, 6, 6, 6, 6, 6, 6, 6, 6, 6, 7, 6]	"['This', 'deterioration', 'of', 'security', 'compounds', 'when', 'nearly', 'all', 'computers', 'rely', 'on', 'a', 'single', 'operating', 'system', 'subject', 'to', 'the', 'same', 'vulnerabilities', 'the', 'world', 'over', ',', ""''"", 'Geer', 'added', '.']"	"['``', 'The', 'deterioration', 'of', 'security', 'compounds', 'when', 'nearly', 'all', 'computers', 'rely', 'on', 'a', 'single', 'operating', 'system', 'subject', 'to', 'the', 'same', 'vulnerabilities', 'the', 'world', 'over', '.', ""''\n""]"	328e36c77cd94376aaae8a8ee06ded29
The appeals court judges were in sharp disagreement over what should be done when they ruled in February.	The appellate judges were in sharp disagreement when they ruled in February.	[2, 6, 7, 0, 0, 0, 0]	[0, 2, 7, 0, 0, 0, 0, 0, 0, 0, 0, 0, 0, 0, 0, 0, 0, 0, 0]	[7, 2, 7, 7, 7, 7, 7, 7, 7, 7, 7, 7, 7]	['The', 'appeals', 'court', 'judges', 'were', 'in', 'sharp', 'disagreement', 'over', 'what', 'should', 'be', 'done', 'when', 'they', 'ruled', 'in', 'February', '.']	['The', 'appellate', 'judges', 'were', 'in', 'sharp', 'disagreement', 'when', 'they', 'ruled', 'in', 'February', '.\n']	9d7b451efb924fe493db7bd4ddd4f3d9
Operating revenue fell 4.5 percent to $2.3 billion from a year earlier.	Operating revenues were down about 1 percent to $4.55 billion, from $4.59 billion.	[1, 2, 5, 6, 0, 0, 0]	[5, 5, 5, 5, 5, 5, 5, 5, 5, 5, 5, 5, 5, 5]	[5, 5, 5, 5, 5, 5, 5, 5, 5, 5, 5, 5, 5, 5, 5, 5, 5]	['Operating', 'revenue', 'fell', '4.5', 'percent', 'to', '$', '2.3', 'billion', 'from', 'a', 'year', 'earlier', '.']	['Operating', 'revenues', 'were', 'down', 'about', '1', 'percent', 'to', '$', '4.55', 'billion', ',', 'from', '$', '4.59', 'billion', '.\n']	0e64b3d7ace541fa9851da97bcc2c0fc
Galveston County District Attorney Kurt Sistrunk said his office received the recordings this week.	Galveston County District Attorney Kurt Sistrunk told Criss Wednesday his office only this week received the recordings.	[2, 3, 6, 7, 0, 0, 0]	[7, 7, 7, 7, 7, 7, 2, 7, 7, 7, 7, 7, 7, 7, 7]	[0, 0, 0, 0, 0, 0, 2, 0, 7, 0, 0, 7, 7, 7, 0, 0, 0, 0]	['Galveston', 'County', 'District', 'Attorney', 'Kurt', 'Sistrunk', 'said', 'his', 'office', 'received', 'the', 'recordings', 'this', 'week', '.']	['Galveston', 'County', 'District', 'Attorney', 'Kurt', 'Sistrunk', 'told', 'Criss', 'Wednesday', 'his', 'office', 'only', 'this', 'week', 'received', 'the', 'recordings', '.\n']	a0fb0d44ab584fc999249089b6a4b655
No official ceremony was planned to mark the anniversary in Dallas.	In Dallas, no official ceremony marked the anniversary.	[2, 6, 7, 0, 0, 0, 0]	[6, 6, 6, 2, 2, 2, 2, 6, 6, 7, 7, 6]	[7, 7, 7, 6, 6, 6, 2, 6, 6, 6]	['No', 'official', 'ceremony', 'was', 'planned', 'to', 'mark', 'the', 'anniversary', 'in', 'Dallas', '.']	['In', 'Dallas', ',', 'no', 'official', 'ceremony', 'marked', 'the', 'anniversary', '.\n']	83b8ce8169024c4799dea06bc4381e0d
"""The president's campaign in 2000 set a standard for disclosure in political fund raising, and the campaign will again in 2004,"" Bush campaign spokesman Dan Ronayne said."	"""The president's campaign in 2000 set a standard for disclosure in political fund raising and the campaign will again in 2004,"" said Dan Ronayne, a campaign spokesman."	[4, 5, 6, 7, 0, 0, 0]	[6, 6, 6, 6, 6, 6, 6, 6, 6, 6, 6, 6, 6, 6, 6, 6, 0, 6, 6, 6, 6, 6, 6, 6, 6, 6, 7, 4, 4, 4, 4, 7, 6]	[7, 6, 6, 6, 6, 6, 6, 6, 6, 6, 6, 6, 6, 6, 6, 6, 6, 6, 6, 6, 6, 6, 6, 7, 7, 7, 4, 4, 4, 4, 4, 4, 7]	"['``', 'The', 'president', ""'s"", 'campaign', 'in', '2000', 'set', 'a', 'standard', 'for', 'disclosure', 'in', 'political', 'fund', 'raising', ',', 'and', 'the', 'campaign', 'will', 'again', 'in', '2004', ',', ""''"", 'Bush', 'campaign', 'spokesman', 'Dan', 'Ronayne', 'said', '.']"	"['``', 'The', 'president', ""'s"", 'campaign', 'in', '2000', 'set', 'a', 'standard', 'for', 'disclosure', 'in', 'political', 'fund', 'raising', 'and', 'the', 'campaign', 'will', 'again', 'in', '2004', ',', ""''"", 'said', 'Dan', 'Ronayne', ',', 'a', 'campaign', 'spokesman', '.\n']"	e2d4b9fa30bc4cee8fb5072e84f8beda
The shares fell 72 cents, or 3.8 percent, to $18.34 Monday on the New York Stock Exchange.	Schering-Plough shares fell 3.8 percent, or 72 cents, to close at $18.34 in trading Monday on the New York Stock Exchange.	[3, 6, 7, 0, 0, 0, 0]	[3, 3, 0, 7, 7, 0, 0, 0, 0, 0, 0, 7, 7, 7, 7, 7, 7, 7, 7, 7, 7]	[7, 3, 0, 0, 0, 0, 0, 7, 7, 0, 0, 0, 0, 0, 0, 0, 0, 0, 0, 0, 0, 0, 0, 0, 0]	['The', 'shares', 'fell', '72', 'cents', ',', 'or', '3.8', 'percent', ',', 'to', '$', '18.34', 'Monday', 'on', 'the', 'New', 'York', 'Stock', 'Exchange', '.']	['Schering-Plough', 'shares', 'fell', '3.8', 'percent', ',', 'or', '72', 'cents', ',', 'to', 'close', 'at', '$', '18.34', 'in', 'trading', 'Monday', 'on', 'the', 'New', 'York', 'Stock', 'Exchange', '.\n']	36a80446769a40d4bcf22d9156452cf3
The center has a budget of $45 million, most of which will be spent on research and testing, Bridges said.	The safety center has a $45 million budget for its first year, much of which will be spent on tests and analyses.	[2, 3, 6, 7, 0, 0, 0]	[7, 7, 7, 3, 3, 3, 3, 3, 3, 7, 2, 7, 7, 7, 7, 7, 7, 2, 2, 2, 7, 7, 7, 7]	[0, 7, 0, 0, 3, 3, 3, 3, 3, 7, 7, 7, 7, 0, 2, 0, 0, 0, 0, 0, 0, 2, 2, 2, 0]	['The', 'center', 'has', 'a', 'budget', 'of', '$', '45', 'million', ',', 'most', 'of', 'which', 'will', 'be', 'spent', 'on', 'research', 'and', 'testing', ',', 'Bridges', 'said', '.']	['The', 'safety', 'center', 'has', 'a', '$', '45', 'million', 'budget', 'for', 'its', 'first', 'year', ',', 'much', 'of', 'which', 'will', 'be', 'spent', 'on', 'tests', 'and', 'analyses', '.\n']	21966aafe8014867860ecd6bada2da14
Federal prosecutors, the Securities and Exchange Commission, and the mortgage company's regulator launched investigations into Freddie Mac's shake-up.	The Securities and Exchange Commission and the U.S. Attorney have opened investigations into Freddie Mac over its accounting practices.	[1, 2, 6, 7, 0, 0, 0]	[7, 7, 7, 0, 0, 0, 0, 0, 0, 7, 7, 7, 7, 7, 7, 1, 0, 0, 0, 0, 0, 2, 0]	[7, 7, 7, 7, 7, 7, 7, 7, 7, 1, 1, 7, 7, 7, 7, 0, 0, 2, 2, 7]	"['Federal', 'prosecutors', ',', 'the', 'Securities', 'and', 'Exchange', 'Commission', ',', 'and', 'the', 'mortgage', 'company', ""'s"", 'regulator', 'launched', 'investigations', 'into', 'Freddie', 'Mac', ""'s"", 'shake-up', '.']"	['The', 'Securities', 'and', 'Exchange', 'Commission', 'and', 'the', 'U.S.', 'Attorney', 'have', 'opened', 'investigations', 'into', 'Freddie', 'Mac', 'over', 'its', 'accounting', 'practices', '.\n']	64a5375e65d84e608edb6c50ecd88463
"""More than 70,000 men and women from bases in Southern California were deployed in Iraq."	In all, more than 70,000 troops based in Southern California were deployed to Iraq.	[1, 2, 5, 6, 7, 0, 0]	[6, 6, 6, 6, 6, 6, 6, 6, 6, 6, 6, 6, 6, 6, 6, 6, 6]	[7, 7, 7, 6, 6, 6, 2, 1, 6, 6, 6, 6, 6, 2, 6, 6]	['``', 'More', 'than', '70,000', 'men', 'and', 'women', 'from', 'bases', 'in', 'Southern', 'California', 'were', 'deployed', 'in', 'Iraq', '.']	['In', 'all', ',', 'more', 'than', '70,000', 'troops', 'based', 'in', 'Southern', 'California', 'were', 'deployed', 'to', 'Iraq', '.\n']	dab835cf78e94a518f4d8a43a12d3622
The other 18 people in the building, including Harrison's ex-girlfriend, were not injured, police spokesman Don Aaron said.	The other 18 people inside the building - two visitors and 16 employees, including Harrison's ex-girlfriend - escaped unharmed, Aaron said.	[2, 5, 6, 7, 0, 0, 0]	[6, 6, 6, 6, 6, 6, 6, 6, 6, 6, 6, 6, 6, 6, 6, 6, 6, 6, 6, 6, 6, 6, 6]	[6, 6, 6, 6, 6, 6, 6, 6, 6, 6, 6, 6, 6, 6, 6, 6, 6, 6, 6, 6, 6, 6, 6, 6, 6]	"['The', 'other', '18', 'people', 'in', 'the', 'building', ',', 'including', 'Harrison', ""'s"", 'ex-girlfriend', ',', 'were', 'not', 'injured', ',', 'police', 'spokesman', 'Don', 'Aaron', 'said', '.']"	"['The', 'other', '18', 'people', 'inside', 'the', 'building', '-', 'two', 'visitors', 'and', '16', 'employees', ',', 'including', 'Harrison', ""'s"", 'ex-girlfriend', '-', 'escaped', 'unharmed', ',', 'Aaron', 'said', '.\n']"	7d2bd57ed78d4223a5e70d938f191a55
At least 27 US troops have been killed in hostile fire since Bush's statement.	At least 26 American troops have been killed in hostile fire since major combat was officially declared over on May 1.	[2, 6, 7, 0, 0, 0, 0]	[7, 7, 6, 2, 7, 7, 7, 7, 7, 7, 7, 7, 6, 6, 6, 7]	[6, 6, 6, 2, 6, 6, 6, 6, 6, 6, 6, 6, 0, 0, 0, 0, 0, 7, 7, 7, 7, 6]	"['At', 'least', '27', 'US', 'troops', 'have', 'been', 'killed', 'in', 'hostile', 'fire', 'since', 'Bush', ""'s"", 'statement', '.']"	['At', 'least', '26', 'American', 'troops', 'have', 'been', 'killed', 'in', 'hostile', 'fire', 'since', 'major', 'combat', 'was', 'officially', 'declared', 'over', 'on', 'May', '1', '.\n']	c8eb48014a48435aa367bb800193070a
Two brothers who were among seven Portland suspects accused of aiding terrorists have decided to plead guilty to conspiring to aid al-Qaida and the Taliban, officials said Wednesday.	Two brothers who were among seven people accused of aiding terrorists pleaded guilty yesterday to charges of conspiring to help Al Qaeda and the Taliban during the war in Afghanistan.	[2, 6, 7, 0, 0, 0, 0]	[7, 7, 7, 7, 7, 7, 2, 2, 7, 7, 7, 7, 7, 7, 7, 0, 7, 7, 7, 7, 2, 2, 7, 7, 7, 7, 7, 7, 7, 7]	[7, 7, 7, 7, 7, 7, 2, 7, 7, 7, 7, 0, 7, 7, 7, 7, 7, 7, 7, 2, 2, 2, 7, 7, 7, 0, 0, 0, 0, 0, 7]	['Two', 'brothers', 'who', 'were', 'among', 'seven', 'Portland', 'suspects', 'accused', 'of', 'aiding', 'terrorists', 'have', 'decided', 'to', 'plead', 'guilty', 'to', 'conspiring', 'to', 'aid', 'al-Qaida', 'and', 'the', 'Taliban', ',', 'officials', 'said', 'Wednesday', '.']	['Two', 'brothers', 'who', 'were', 'among', 'seven', 'people', 'accused', 'of', 'aiding', 'terrorists', 'pleaded', 'guilty', 'yesterday', 'to', 'charges', 'of', 'conspiring', 'to', 'help', 'Al', 'Qaeda', 'and', 'the', 'Taliban', 'during', 'the', 'war', 'in', 'Afghanistan', '.\n']	63c1309978c841b4958ec93698ff1080
Eighty-six seriously wounded U.N. workers were airlifted out for medical care.	Eighty-six U.N. workers who were wounded in Tuesday's bombing were airlifted out for medical care.	[4, 6, 7, 0, 0, 0, 0]	[7, 7, 4, 7, 7, 7, 7, 7, 7, 7, 7, 7]	[7, 7, 7, 4, 4, 4, 7, 7, 7, 7, 7, 7, 7, 7, 7, 7, 7]	['Eighty-six', 'seriously', 'wounded', 'U.N.', 'workers', 'were', 'airlifted', 'out', 'for', 'medical', 'care', '.']	"['Eighty-six', 'U.N.', 'workers', 'who', 'were', 'wounded', 'in', 'Tuesday', ""'s"", 'bombing', 'were', 'airlifted', 'out', 'for', 'medical', 'care', '.\n']"	3c6ce70fc0b7482d89125efd6a288db9
Spansion products are to be available from both AMD and Fujitsu, AMD said.	Spansion Flash memory solutions are available worldwide from AMD and Fujitsu.	[1, 2, 3, 6, 7, 0, 0]	[7, 2, 1, 1, 1, 1, 7, 3, 3, 3, 3, 7, 7, 7, 7]	[7, 2, 2, 2, 1, 1, 7, 7, 3, 3, 3, 7]	['Spansion', 'products', 'are', 'to', 'be', 'available', 'from', 'both', 'AMD', 'and', 'Fujitsu', ',', 'AMD', 'said', '.']	['Spansion', 'Flash', 'memory', 'solutions', 'are', 'available', 'worldwide', 'from', 'AMD', 'and', 'Fujitsu', '.\n']	f1732f21b860402a926130bb31252915
U.S. corporate bond yield spreads opened tighter overall on Tuesday, but tobacco company bonds widened significantly after an adverse legal ruling on Philip Morris USA.	U.S. corporate bond yield spreads ended mostly tighter amid slumping Treasuries on Tuesday, while bonds of tobacco firms widened significantly after an adverse legal ruling on Philip Morris USA.	[2, 3, 6, 7, 0, 0, 0]	[7, 7, 7, 7, 7, 2, 7, 7, 7, 7, 7, 2, 3, 3, 3, 7, 7, 7, 7, 7, 7, 7, 7, 7, 7, 7, 7]	[0, 0, 0, 0, 0, 2, 7, 0, 7, 7, 7, 0, 0, 0, 2, 3, 3, 3, 3, 0, 0, 0, 0, 0, 0, 0, 0, 0, 0, 0, 0]	['U.S.', 'corporate', 'bond', 'yield', 'spreads', 'opened', 'tighter', 'overall', 'on', 'Tuesday', ',', 'but', 'tobacco', 'company', 'bonds', 'widened', 'significantly', 'after', 'an', 'adverse', 'legal', 'ruling', 'on', 'Philip', 'Morris', 'USA', '.']	['U.S.', 'corporate', 'bond', 'yield', 'spreads', 'ended', 'mostly', 'tighter', 'amid', 'slumping', 'Treasuries', 'on', 'Tuesday', ',', 'while', 'bonds', 'of', 'tobacco', 'firms', 'widened', 'significantly', 'after', 'an', 'adverse', 'legal', 'ruling', 'on', 'Philip', 'Morris', 'USA', '.\n']	b90191e112ea4a3a90921bf271ec0882
Mrs Boncyk's husband, Wayne, had taken the family car to work, so his wife and children had to ride with neighbours.	Mrs. Boncyk's husband, Wayne, had taken the family's only car to work, so she and the children had to catch a ride with neighbors.	[2, 3, 6, 7, 0, 0, 0]	[7, 7, 7, 7, 7, 7, 7, 7, 7, 7, 7, 7, 7, 7, 7, 7, 2, 2, 7, 3, 7, 7, 7, 7, 7, 7]	[0, 0, 0, 0, 0, 0, 0, 0, 0, 0, 0, 0, 7, 0, 0, 0, 0, 0, 2, 0, 3, 3, 0, 0, 0, 0, 0, 0, 0, 0]	"['Mrs', 'Boncyk', ""'s"", 'husband', ',', 'Wayne', ',', 'had', 'taken', 'the', 'family', 'car', 'to', 'work', ',', 'so', 'his', 'wife', 'and', 'children', 'had', 'to', 'ride', 'with', 'neighbours', '.']"	"['Mrs.', 'Boncyk', ""'s"", 'husband', ',', 'Wayne', ',', 'had', 'taken', 'the', 'family', ""'s"", 'only', 'car', 'to', 'work', ',', 'so', 'she', 'and', 'the', 'children', 'had', 'to', 'catch', 'a', 'ride', 'with', 'neighbors', '.\n']"	7f27af42c48345d895786f2537932332
Knox County Health Department is following national Centers for Disease Control and Prevention Protocol to contain infection.	The health department spokesperson added the department is following Centers for Disease Control protocol.	[2, 6, 7, 0, 0, 0, 0]	[2, 2, 2, 2, 0, 0, 7, 0, 0, 0, 0, 7, 7, 2, 0, 0, 0, 0]	[7, 7, 7, 7, 7, 2, 2, 7, 7, 7, 7, 7, 7, 2, 7]	['Knox', 'County', 'Health', 'Department', 'is', 'following', 'national', 'Centers', 'for', 'Disease', 'Control', 'and', 'Prevention', 'Protocol', 'to', 'contain', 'infection', '.']	['The', 'health', 'department', 'spokesperson', 'added', 'the', 'department', 'is', 'following', 'Centers', 'for', 'Disease', 'Control', 'protocol', '.\n']	ae202b1440144576a057ded84e4c3f39
In Canada, the booming dollar will be in focus again as it tries to stay above the 75 cent (U.S.) mark.	In Canada, the surging dollar was in focus again as it struggled and just failed to stay above the 75 cent (U.S.) mark.	[1, 2, 6, 7, 0, 0, 0]	[7, 7, 7, 7, 2, 7, 1, 1, 7, 7, 7, 7, 7, 2, 7, 7, 7, 7, 7, 7, 7, 7, 7, 7, 7]	[0, 0, 0, 0, 2, 0, 1, 0, 0, 0, 0, 0, 2, 7, 7, 7, 0, 0, 0, 0, 0, 0, 0, 0, 0, 0, 0]	['In', 'Canada', ',', 'the', 'booming', 'dollar', 'will', 'be', 'in', 'focus', 'again', 'as', 'it', 'tries', 'to', 'stay', 'above', 'the', '75', 'cent', '(', 'U.S.', ')', 'mark', '.']	['In', 'Canada', ',', 'the', 'surging', 'dollar', 'was', 'in', 'focus', 'again', 'as', 'it', 'struggled', 'and', 'just', 'failed', 'to', 'stay', 'above', 'the', '75', 'cent', '(', 'U.S.', ')', 'mark', '.\n']	dc6575ebc44f4a5182ce12b466d5ee8f
Santa Clara-based Intel had sought the injunction, arguing that Hamidi was trespassing on its computer servers just as though he were intruding on private property.	A lower court had considered Hamidi to be trespassing on the Santa Clara-based chipmaker's servers, just as if somebody were squatting on a piece of physical private property.	[2, 3, 5, 6, 7, 0, 0]	[7, 7, 7, 7, 7, 7, 7, 7, 7, 7, 7, 7, 7, 7, 7, 7, 7, 7, 7, 7, 7, 7, 7, 7, 7, 7, 7]	[7, 7, 7, 7, 7, 7, 7, 7, 7, 6, 2, 2, 2, 2, 2, 2, 0, 6, 6, 2, 2, 6, 2, 6, 3, 3, 3, 7, 3, 3, 6]	['Santa', 'Clara-based', 'Intel', 'had', 'sought', 'the', 'injunction', ',', 'arguing', 'that', 'Hamidi', 'was', 'trespassing', 'on', 'its', 'computer', 'servers', 'just', 'as', 'though', 'he', 'were', 'intruding', 'on', 'private', 'property', '.']	"['A', 'lower', 'court', 'had', 'considered', 'Hamidi', 'to', 'be', 'trespassing', 'on', 'the', 'Santa', 'Clara-based', 'chipmaker', ""'s"", 'servers', ',', 'just', 'as', 'if', 'somebody', 'were', 'squatting', 'on', 'a', 'piece', 'of', 'physical', 'private', 'property', '.\n']"	11e2229ab2a041249c1a547d3823b232
Median household income declined 1.1 percent between 2001 and 2002 to $42,409.	The median household earned income fell $500 over the same period to $42,400.	[2, 3, 6, 7, 0, 0, 0]	[3, 3, 3, 2, 6, 6, 2, 2, 2, 2, 7, 7, 6, 7]	[3, 3, 3, 7, 3, 2, 0, 0, 2, 2, 2, 2, 6, 6, 6, 6]	['Median', 'household', 'income', 'declined', '1.1', 'percent', 'between', '2001', 'and', '2002', 'to', '$', '42,409', '.']	['The', 'median', 'household', 'earned', 'income', 'fell', '$', '500', 'over', 'the', 'same', 'period', 'to', '$', '42,400', '.\n']	1b4281c502304fd4a48a08da0084416c
In Nigeria alone, the report said, as many as 1 million women may be living with the condition.	In Nigeria alone, the report estimated that between 100,000 and 1 million girls and women are suffering from the condition.	[1, 2, 5, 6, 0, 0, 0]	[6, 6, 6, 6, 6, 6, 5, 5, 5, 5, 5, 5, 5, 5, 5, 5, 5, 5, 6, 6, 6]	[6, 6, 6, 6, 6, 6, 5, 5, 5, 5, 5, 5, 5, 5, 5, 5, 5, 5, 5, 6, 6, 6]	['In', 'Nigeria', 'alone', ',', 'the', 'report', 'said', ',', 'as', 'many', 'as', '1', 'million', 'women', 'may', 'be', 'living', 'with', 'the', 'condition', '.']	['In', 'Nigeria', 'alone', ',', 'the', 'report', 'estimated', 'that', 'between', '100,000', 'and', '1', 'million', 'girls', 'and', 'women', 'are', 'suffering', 'from', 'the', 'condition', '.\n']	b2711331b80c4d8eac79dc12f81aae40
Frank Quattrone, the former Credit Suisse First Boston technology investment-banking guru, reportedly pleaded not guilty Tuesday to charges of obstruction of justice and witness tampering.	NEW YORK -(Dow Jones)- Former star investment banker Frank Quattrone pleaded not guilty Tuesday to criminal charges of obstruction of justice and witness tampering.	[2, 3, 4, 6, 7, 0, 0]	[4, 4, 4, 4, 4, 7, 7, 7, 7, 7, 7, 7, 4, 7, 7, 7, 7, 7, 7, 7, 7, 7, 7, 7, 7, 7, 7, 7]	[7, 7, 7, 7, 7, 7, 7, 7, 4, 4, 4, 4, 4, 4, 7, 7, 7, 7, 7, 7, 7, 7, 7, 7, 7, 7, 7, 7, 7]	['Frank', 'Quattrone', ',', 'the', 'former', 'Credit', 'Suisse', 'First', 'Boston', 'technology', 'investment-banking', 'guru', ',', 'reportedly', 'pleaded', 'not', 'guilty', 'Tuesday', 'to', 'charges', 'of', 'obstruction', 'of', 'justice', 'and', 'witness', 'tampering', '.']	['NEW', 'YORK', '-', '(', 'Dow', 'Jones', ')', '-', 'Former', 'star', 'investment', 'banker', 'Frank', 'Quattrone', 'pleaded', 'not', 'guilty', 'Tuesday', 'to', 'criminal', 'charges', 'of', 'obstruction', 'of', 'justice', 'and', 'witness', 'tampering', '.\n']	43a87a5f183f4263a56db1e461191cf5
"""I am happy to be here in the United States, far away from the clutches of the tyrant Castro,"" Wilson said through a Spanish interpreter."	"""I am very happy to be here in the United States far away from the clutches of the tyrant Castro,"" Wilson told the judge."	[2, 5, 6, 7, 0, 0, 0]	[7, 7, 7, 7, 7, 7, 7, 6, 6, 6, 6, 6, 6, 6, 6, 6, 6, 6, 6, 6, 6, 7, 7, 7, 2, 6, 6, 6, 6, 7]	[6, 6, 6, 7, 6, 6, 6, 6, 6, 6, 6, 6, 6, 6, 6, 6, 6, 6, 6, 6, 6, 6, 6, 6, 2, 6, 6, 6]	"['``', 'I', 'am', 'happy', 'to', 'be', 'here', 'in', 'the', 'United', 'States', ',', 'far', 'away', 'from', 'the', 'clutches', 'of', 'the', 'tyrant', 'Castro', ',', ""''"", 'Wilson', 'said', 'through', 'a', 'Spanish', 'interpreter', '.']"	"['``', 'I', 'am', 'very', 'happy', 'to', 'be', 'here', 'in', 'the', 'United', 'States', 'far', 'away', 'from', 'the', 'clutches', 'of', 'the', 'tyrant', 'Castro', ',', ""''"", 'Wilson', 'told', 'the', 'judge', '.\n']"	ec2c32a55486448bb3b59a7f7477de1f
"""30 years waiting for you,"" read one banner hoisted over the crowd, as many wept tears of happiness at finally seeing and hearing their idol."	"""30 years waiting for you,"" read one banner hoisted over the crowd, as many concert-goers wept tears of happiness."	[2, 6, 7, 0, 0, 0, 0]	[0, 0, 0, 0, 0, 0, 0, 0, 0, 0, 0, 0, 0, 0, 0, 0, 0, 2, 0, 0, 0, 0, 7, 7, 7, 7, 7, 7, 7, 0]	[7, 7, 7, 7, 7, 7, 7, 7, 7, 7, 7, 7, 7, 7, 7, 7, 7, 2, 2, 7, 7, 7, 7, 7]	"['``', '30', 'years', 'waiting', 'for', 'you', ',', ""''"", 'read', 'one', 'banner', 'hoisted', 'over', 'the', 'crowd', ',', 'as', 'many', 'wept', 'tears', 'of', 'happiness', 'at', 'finally', 'seeing', 'and', 'hearing', 'their', 'idol', '.']"	"['``', '30', 'years', 'waiting', 'for', 'you', ',', ""''"", 'read', 'one', 'banner', 'hoisted', 'over', 'the', 'crowd', ',', 'as', 'many', 'concert-goers', 'wept', 'tears', 'of', 'happiness', '.\n']"	f08aa28aa7e34372ae8580b8f17503ac
TSMC also accused Syndia of trying to interfere with its customer relationships.	TSMC feels that Syndia's actions are designed to interfere with TSMC's customer relationships, the company said.	[2, 6, 7, 0, 0, 0, 0]	[7, 7, 6, 7, 6, 6, 7, 7, 7, 2, 7, 7, 7]	[7, 6, 6, 7, 0, 6, 6, 6, 6, 7, 7, 2, 2, 7, 7, 7, 7, 7, 7, 7]	['TSMC', 'also', 'accused', 'Syndia', 'of', 'trying', 'to', 'interfere', 'with', 'its', 'customer', 'relationships', '.']	"['TSMC', 'feels', 'that', 'Syndia', ""'s"", 'actions', 'are', 'designed', 'to', 'interfere', 'with', 'TSMC', ""'s"", 'customer', 'relationships', ',', 'the', 'company', 'said', '.\n']"	1dd38a9f5ae54deca568306becc685d5
MAX Factor cosmetics heir and fugitive rapist Andrew Luster was captured today in Puerto Vallarta, Mexico, authorities in the United States said.	Max Factor cosmetics heir and fugitive rapist Andrew Luster was captured Wednesday in a nightclub at the beach resort of Puerto Vallarta, Mexico, authorities said.	[6, 7, 0, 0, 0, 0, 0]	[7, 7, 7, 7, 7, 7, 7, 7, 7, 7, 7, 6, 7, 7, 7, 7, 7, 7, 7, 7, 7, 7, 7, 7, 7]	[7, 7, 7, 7, 7, 7, 7, 7, 7, 7, 7, 6, 7, 7, 7, 7, 7, 7, 7, 0, 7, 7, 7, 7, 7, 7, 7, 7]	['MAX', 'Factor', 'cosmetics', 'heir', 'and', 'fugitive', 'rapist', 'Andrew', 'Luster', 'was', 'captured', 'today', 'in', 'Puerto', 'Vallarta', ',', 'Mexico', ',', 'authorities', 'in', 'the', 'United', 'States', 'said', '.']	['Max', 'Factor', 'cosmetics', 'heir', 'and', 'fugitive', 'rapist', 'Andrew', 'Luster', 'was', 'captured', 'Wednesday', 'in', 'a', 'nightclub', 'at', 'the', 'beach', 'resort', 'of', 'Puerto', 'Vallarta', ',', 'Mexico', ',', 'authorities', 'said', '.\n']	6839d30dc86f430e818c20082afc955a
The telephone survey had a margin of error of 2 percentage points.	The poll conducted between Oct. 24 and Nov. 2 had a margin of error of 2 percentage points.	[2, 6, 7, 0, 0, 0, 0]	[7, 7, 2, 7, 7, 7, 7, 7, 7, 7, 7, 7, 7]	[7, 2, 7, 7, 7, 7, 7, 7, 7, 7, 7, 7, 7, 7, 7, 7, 7, 7, 7]	['The', 'telephone', 'survey', 'had', 'a', 'margin', 'of', 'error', 'of', '2', 'percentage', 'points', '.']	['The', 'poll', 'conducted', 'between', 'Oct.', '24', 'and', 'Nov.', '2', 'had', 'a', 'margin', 'of', 'error', 'of', '2', 'percentage', 'points', '.\n']	5671f6e8d5884085b97df3518571c37b
Yesterday, two Japanese diplomats were killed in an apparent ambush near Tikrit, 175 kilometres north of the capital.	Two Japanese diplomats were also killed in an ambush near Tikrit, according to the Japanese Foreign Ministry.	[6, 7, 0, 0, 0, 0, 0]	[7, 7, 7, 7, 7, 7, 7, 7, 7, 7, 7, 7, 7, 7, 0, 0, 0, 0, 0, 0, 7]	[7, 7, 7, 7, 7, 7, 7, 7, 7, 7, 7, 7, 7, 7, 7, 7, 7, 7, 7]	['Yesterday', ',', 'two', 'Japanese', 'diplomats', 'were', 'killed', 'in', 'an', 'apparent', 'ambush', 'near', 'Tikrit', ',', '175', 'kilometres', 'north', 'of', 'the', 'capital', '.']	['Two', 'Japanese', 'diplomats', 'were', 'also', 'killed', 'in', 'an', 'ambush', 'near', 'Tikrit', ',', 'according', 'to', 'the', 'Japanese', 'Foreign', 'Ministry', '.\n']	ea08655768c84235accd097e34dfa55d
Investigations by the Air Force inspector general and the Defense Department also are under way.	The Air Force inspector general and the Pentagon also are investigating.	[1, 2, 6, 0, 0, 0, 0]	[1, 0, 6, 6, 6, 6, 6, 6, 6, 2, 2, 6, 0, 0, 0, 6]	[6, 6, 6, 6, 6, 6, 6, 2, 6, 0, 1, 6]	['Investigations', 'by', 'the', 'Air', 'Force', 'inspector', 'general', 'and', 'the', 'Defense', 'Department', 'also', 'are', 'under', 'way', '.']	['The', 'Air', 'Force', 'inspector', 'general', 'and', 'the', 'Pentagon', 'also', 'are', 'investigating', '.\n']	55f9883aa1ef4327bb3ca1eac5f0cbda
The next court session will be when the three-judge tribunal announces its verdict in mid-February.	The court's three-judge tribunal was expected to give its verdict next February.	[1, 2, 6, 7, 0, 0, 0]	[7, 7, 7, 7, 7, 7, 7, 7, 7, 7, 1, 7, 7, 2, 2, 7]	[7, 7, 7, 7, 7, 1, 1, 1, 1, 7, 7, 2, 2, 7]	['The', 'next', 'court', 'session', 'will', 'be', 'when', 'the', 'three-judge', 'tribunal', 'announces', 'its', 'verdict', 'in', 'mid-February', '.']	"['The', 'court', ""'s"", 'three-judge', 'tribunal', 'was', 'expected', 'to', 'give', 'its', 'verdict', 'next', 'February', '.\n']"	3c52c63048b24b3293238044bf51b4a1
But as more people were shot, Moose had to admit that he couldn't give the public the safety it needed.	But as time passed and more people were shot, Moose had to admit that he couldn't give the public what it needed most from the police - safety.	[5, 6, 7, 0, 0, 0, 0]	[7, 7, 7, 7, 7, 7, 7, 7, 7, 7, 7, 7, 7, 7, 7, 7, 7, 7, 5, 5, 5, 5, 7]	[0, 0, 7, 7, 7, 0, 0, 0, 0, 0, 0, 0, 0, 0, 0, 0, 0, 0, 0, 0, 0, 5, 5, 5, 0, 0, 0, 0, 0, 5, 0]	"['But', 'as', 'more', 'people', 'were', 'shot', ',', 'Moose', 'had', 'to', 'admit', 'that', 'he', 'could', ""n't"", 'give', 'the', 'public', 'the', 'safety', 'it', 'needed', '.']"	"['But', 'as', 'time', 'passed', 'and', 'more', 'people', 'were', 'shot', ',', 'Moose', 'had', 'to', 'admit', 'that', 'he', 'could', ""n't"", 'give', 'the', 'public', 'what', 'it', 'needed', 'most', 'from', 'the', 'police', '-', 'safety', '.\n']"	3433e7a15ecb446796b231a5ce177283
The two had argued that only a new board would have had the credibility to restore El Paso to health.	He and Zilkha believed that only a new board would have had the credibility to restore El Paso to health.	[1, 2, 6, 0, 0, 0, 0]	[2, 2, 1, 1, 6, 6, 6, 6, 6, 6, 6, 6, 6, 6, 6, 6, 6, 6, 6, 6, 6]	[2, 2, 2, 1, 6, 6, 6, 6, 6, 6, 6, 6, 6, 6, 6, 6, 6, 6, 6, 6, 6]	['The', 'two', 'had', 'argued', 'that', 'only', 'a', 'new', 'board', 'would', 'have', 'had', 'the', 'credibility', 'to', 'restore', 'El', 'Paso', 'to', 'health', '.']	['He', 'and', 'Zilkha', 'believed', 'that', 'only', 'a', 'new', 'board', 'would', 'have', 'had', 'the', 'credibility', 'to', 'restore', 'El', 'Paso', 'to', 'health', '.\n']	689fc7b8614c4948bec2d027a149df68
Later this year, the command will send trainers with soldiers from four North African nations on patrolling and intelligence gathering missions.	This fall the command will send trainers to work with soldiers from four North African nations on patrolling and gathering intelligence.	[2, 6, 7, 0, 0, 0, 0]	[2, 2, 2, 2, 7, 7, 7, 7, 7, 7, 7, 7, 7, 7, 7, 7, 7, 7, 7, 7, 0, 7, 7]	[2, 2, 7, 7, 7, 7, 7, 7, 7, 7, 7, 7, 7, 7, 7, 7, 7, 7, 7, 0, 7, 7]	['Later', 'this', 'year', ',', 'the', 'command', 'will', 'send', 'trainers', 'with', 'soldiers', 'from', 'four', 'North', 'African', 'nations', 'on', 'patrolling', 'and', 'intelligence', 'gathering', 'missions', '.']	['This', 'fall', 'the', 'command', 'will', 'send', 'trainers', 'to', 'work', 'with', 'soldiers', 'from', 'four', 'North', 'African', 'nations', 'on', 'patrolling', 'and', 'gathering', 'intelligence', '.\n']	1d9ea18113dd4d319ed3dfd29f4b317a
Today, analysts say, UN members can no longer ignore the shifts since the September 11 2001 attacks.	On Wednesday, analysts say, UN members can no longer ignore the shifts since the attacks in the US of September 11 2001.	[3, 6, 7, 0, 0, 0, 0]	[6, 7, 7, 7, 7, 7, 7, 7, 7, 7, 7, 7, 7, 7, 3, 3, 3, 3, 3, 7]	[0, 0, 6, 6, 6, 6, 6, 6, 6, 6, 6, 6, 6, 6, 6, 3, 3, 7, 7, 7, 3, 3, 3, 3, 6]	['Today', ',', 'analysts', 'say', ',', 'UN', 'members', 'can', 'no', 'longer', 'ignore', 'the', 'shifts', 'since', 'the', 'September', '11', '2001', 'attacks', '.']	['On', 'Wednesday', ',', 'analysts', 'say', ',', 'UN', 'members', 'can', 'no', 'longer', 'ignore', 'the', 'shifts', 'since', 'the', 'attacks', 'in', 'the', 'US', 'of', 'September', '11', '2001', '.\n']	8a7cc3d3a8c340c3962fc47321cdb6c0
"""Right from the beginning, we didn't want to see anyone take a cut in pay."	"But Mr. Crosby told The Associated Press: ""Right from the beginning, we didn't want to see anyone take a cut in pay."	[6, 7, 0, 0, 0, 0, 0]	[7, 7, 7, 7, 7, 7, 7, 7, 7, 7, 7, 7, 7, 7, 7, 7, 7, 7, 7]	[7, 7, 7, 7, 7, 7, 7, 7, 0, 0, 0, 0, 0, 0, 0, 0, 0, 0, 0, 0, 0, 0, 0, 0, 0, 0, 0]	"['``', 'Right', 'from', 'the', 'beginning', ',', 'we', 'did', ""n't"", 'want', 'to', 'see', 'anyone', 'take', 'a', 'cut', 'in', 'pay', '.']"	"['But', 'Mr.', 'Crosby', 'told', 'The', 'Associated', 'Press', ':', '``', 'Right', 'from', 'the', 'beginning', ',', 'we', 'did', ""n't"", 'want', 'to', 'see', 'anyone', 'take', 'a', 'cut', 'in', 'pay', '.\n']"	39d93fc64dd7467da9d4693fceabd2c2
Bond also voiced his disappointment that neither President Bush nor his brother attended this conference in Florida or last year's in Texas.	Bond voiced disappointment that neither President Bush nor his brother attended the 2002 conference in Texas or the 2003 meeting in Florida.	[2, 3, 6, 7, 0, 0, 0]	[7, 7, 7, 3, 3, 7, 7, 7, 7, 7, 7, 7, 7, 6, 7, 7, 7, 7, 6, 6, 6, 7, 7, 7]	[7, 7, 3, 7, 7, 7, 7, 7, 7, 7, 7, 6, 6, 7, 7, 7, 7, 6, 6, 7, 7, 7, 7]	"['Bond', 'also', 'voiced', 'his', 'disappointment', 'that', 'neither', 'President', 'Bush', 'nor', 'his', 'brother', 'attended', 'this', 'conference', 'in', 'Florida', 'or', 'last', 'year', ""'s"", 'in', 'Texas', '.']"	['Bond', 'voiced', 'disappointment', 'that', 'neither', 'President', 'Bush', 'nor', 'his', 'brother', 'attended', 'the', '2002', 'conference', 'in', 'Texas', 'or', 'the', '2003', 'meeting', 'in', 'Florida', '.\n']	17721a79a22f42cca63671fecf2e52d2
